names,scores,logfoldchanges,pvals,pvals_adj,pct_nz_group,pct_nz_reference,cluster
LRRTM3,161.77061,9.273873,0.0,0.0,0.9198994252873564,0.010178857059764432,2
DIPK2B,34.453136,9.1713505,4.229333801172008e-104,7.930000877197514e-103,0.8194444444444444,0.0076816387495999144,3
TIE1,23.965977,9.13487,1.7360041427983387e-70,1.9727319804526576e-69,0.6805555555555556,0.004160887656033287,3
ENSG00000268518,223.26488,9.096122,0.0,0.0,0.9608477011494253,0.016722408026755852,2
ANO2,40.217907,8.991858,3.229176566104173e-120,7.688515633581364e-119,0.8645833333333334,0.013229488957644298,3
ENSG00000287683,104.68763,8.972753,0.0,0.0,0.8186063218390804,0.008579322378944307,2
ENSG00000289973,67.31908,8.801073,0.0,0.0,0.6433189655172413,0.004216955067616693,2
ENSG00000289950,164.30199,8.783838,0.0,0.0,0.9234913793103449,0.014686636614802967,2
CTNND2,242.19693,8.763923,0.0,0.0,0.9701867816091954,0.02137559982550531,2
ENSG00000289873,23.187681,8.715786,9.033662817126278e-68,9.576321007554358e-67,0.6666666666666666,0.0061879867705110425,3
SORCS3,80.985596,8.707892,0.0,0.0,0.7230603448275862,0.0071251999418351026,2
TRIM55,151.15149,8.677731,0.0,0.0,0.9105603448275862,0.014395812127381126,2
LINC02552,98.41966,8.64668,0.0,0.0,0.7995689655172413,0.00930638359749891,2
MYBPC3,286.30835,8.582186,0.0,0.0,0.9809626436781609,0.027773738548785808,2
WNK2,68.6975,8.571013,0.0,0.0,0.6483477011494253,0.004653191798749455,2
CCDC88C,19.321339,8.554818,7.12061729978993e-54,6.05151611880164e-53,0.5798611111111112,0.004587645364344394,3
CADPS,146.45465,8.530325,0.0,0.0,0.9069683908045977,0.019921477388396103,2
MARCHF11-AS1,54.30435,8.503441,0.0,0.0,0.5344827586206896,0.00319906936164025,2
ROBO4,23.934078,8.444805,2.166296505127632e-70,2.4431915471364266e-69,0.6805555555555556,0.006828123332977702,3
CUX2,76.732254,8.421661,0.0,0.0,0.7011494252873564,0.007706848916678785,2
KCNH7,137.58392,8.417303,0.0,0.0,0.8940373563218391,0.02152101206921623,2
ERC2,166.96669,8.394476,0.0,0.0,0.930316091954023,0.022393485531481752,2
VWF,61.909824,8.335111,6.712776654636695e-170,2.7586753375219297e-168,0.9444444444444444,0.030726554998399658,3
RBM20,278.17572,8.32542,0.0,0.0,0.9823994252873564,0.039988367020503124,2
TRDN,244.93271,8.3144045,0.0,0.0,0.9737787356321839,0.02850079976734041,2
MARCHF11,58.077587,8.311246,0.0,0.0,0.5678879310344828,0.004507779555038534,2
EPHA7,102.03223,8.302091,0.0,0.0,0.8132183908045977,0.012505452959139159,2
MYOCD,295.7691,8.272471,0.0,0.0,0.9845545977011494,0.03867965682710484,2
NR5A2,19.192856,8.227458,2.0781453955561653e-53,1.751246119850701e-52,0.5763888888888888,0.00565453963512216,3
ENSG00000286797,70.33841,8.202829,0.0,0.0,0.6609195402298851,0.006688963210702341,2
EMCN,48.32613,8.192149,8.843392294671979e-141,2.6267501865362314e-139,0.9097222222222222,0.022404779686333084,3
TRDN-AS1,126.90492,8.190329,0.0,0.0,0.8796695402298851,0.020357714119528865,2
ADARB2,52.472492,8.176099,0.0,0.0,0.5165229885057471,0.004798604042460375,2
GCNT2,150.03934,8.1671,0.0,0.0,0.9119971264367817,0.02195724880034899,2
SPHKAP,99.337456,8.14229,0.0,0.0,0.8060344827586207,0.01657699578304493,2
MYO18B,291.88138,8.133509,0.0,0.0,0.9852729885057471,0.04115166497019049,2
SH3GL3,80.442635,8.13003,0.0,0.0,0.7241379310344828,0.009742620328631671,2
MTUS2,206.64009,8.108897,0.0,0.0,0.9608477011494253,0.03678929765886288,2
MPPED2,117.971176,8.07489,0.0,0.0,0.8573994252873564,0.01643158353933401,2
BMP5,265.0702,8.058219,0.0,0.0,0.9806034482758621,0.04100625272647957,2
ENTREP1,141.40752,8.054496,0.0,0.0,0.9026580459770115,0.02210266104405991,2
VWC2,55.44258,8.045556,0.0,0.0,0.5466954022988506,0.005234840773593137,2
MAPK4,62.91391,8.044282,0.0,0.0,0.6113505747126436,0.0062527264795695795,2
MLIP,318.4276,8.037671,0.0,0.0,0.9895833333333334,0.050021811836556636,2
MYCT1,19.837221,7.9955516,9.063678037689642e-56,7.904370381706083e-55,0.59375,0.006081297343433266,3
LDB3,299.91058,7.9668174,0.0,0.0,0.9870689655172413,0.04958557510542388,2
MROH7,101.097786,7.9421105,0.0,0.0,0.8096264367816092,0.014104987639959285,2
PPP1R14C,98.56807,7.8483915,0.0,0.0,0.8017241379310345,0.014395812127381126,2
TMOD1,113.00722,7.8474965,0.0,0.0,0.8462643678160919,0.01599534680820125,2
PPP2R2B,74.03714,7.786067,0.0,0.0,0.6892959770114943,0.012360040715428238,2
GALNT17,60.71197,7.744323,0.0,0.0,0.5923132183908046,0.007561436672967864,2
ADCY5,124.844864,7.7325096,0.0,0.0,0.8739224137931034,0.025010905918278318,2
SNAP91,66.04082,7.7307296,0.0,0.0,0.6357758620689655,0.009015559110077068,2
TECRL,290.59045,7.730286,0.0,0.0,0.990301724137931,0.06412679947651592,2
KCNN2,163.97833,7.711675,0.0,0.0,0.9321120689655172,0.03359022829722263,2
PALD1,34.27169,7.688731,9.239201173942243e-104,1.721590280858803e-102,0.8229166666666666,0.024965325936199722,3
SV2B,21.124153,7.6538258,1.8992948164025133e-60,1.8204103671589586e-59,0.6284722222222222,0.012055905259788755,3
NOTCH4,27.087639,7.6491585,3.529565732969335e-81,4.8658215353317104e-80,0.7395833333333334,0.015256588072122053,3
BMP7,54.08739,7.6175885,0.0,0.0,0.5341235632183908,0.0059619019921477385,2
CORIN,142.88286,7.609401,0.0,0.0,0.9094827586206896,0.03867965682710484,2
SCN5A,128.61201,7.6054463,0.0,0.0,0.8836206896551724,0.02806456303620765,2
CYP2J2,59.908962,7.555387,0.0,0.0,0.5869252873563219,0.007561436672967864,2
PSG4,55.42441,7.535056,0.0,0.0,0.5182788741507602,0.007001522070015221,1
CD34,23.247751,7.497157,5.006575904363742e-68,5.345098830281575e-67,0.6736111111111112,0.012909420676410968,3
TNNI3K,183.71794,7.4736533,0.0,0.0,0.9515086206896551,0.05511124036643886,2
CHRM2,210.17212,7.428589,0.0,0.0,0.9680316091954023,0.061073142358586595,2
BRINP3,78.605225,7.4277987,0.0,0.0,0.7230603448275862,0.020648538606950706,2
CDH5,26.519602,7.422839,2.6688476736735577e-79,3.542718150894103e-78,0.7291666666666666,0.016750240051210924,3
POPDC2,109.59228,7.3835754,0.0,0.0,0.8401580459770115,0.022684310018903593,2
ENSG00000286071,211.74243,7.381328,0.0,0.0,0.9673132183908046,0.06630798313217973,2
TMC1,31.742254,7.367431,3.488912181382856e-96,5.688443773993788e-95,0.8020833333333334,0.027099114477755256,3
LOXHD1,23.25284,7.3258147,4.762291116443908e-68,5.102454767618472e-67,0.6736111111111112,0.015043209217966499,3
MYL3,163.62718,7.301401,0.0,0.0,0.9375,0.04565944452522903,2
HRAT17,60.042213,7.278601,0.0,0.0,0.5926724137931034,0.010178857059764432,2
ANO5,66.316605,7.262406,0.0,0.0,0.6382902298850575,0.010469681547186274,2
TMEM71,79.92126,7.2562304,0.0,0.0,0.7273706896551724,0.0184673549512869,2
ESRRG,158.6555,7.2543383,0.0,0.0,0.9321120689655172,0.045804856768939944,2
ADGRF5,68.27892,7.2412496,2.0429294368327988e-185,1.0752260193856836e-183,0.9583333333333334,0.05846580603862157,3
MYL4,181.16255,7.1837,0.0,0.0,0.9529454022988506,0.048713101643158355,2
PDGFB,20.951279,7.1624155,7.782525201604232e-60,7.365165805934604e-59,0.625,0.014509762082577617,3
CTNNA3,303.67578,7.157758,0.0,0.0,0.9985632183908046,0.12141922349861858,2
PLEKHA7,171.85953,7.151605,0.0,0.0,0.9457614942528736,0.055547477097571615,2
ACTN2,252.1314,7.105147,0.0,0.0,0.9867097701149425,0.07430565653628035,2
SMPX,80.24308,7.0410767,0.0,0.0,0.7295258620689655,0.017449469245310455,2
ERG,67.95931,7.0299335,2.0029463592758582e-185,1.0730069781834955e-183,0.9583333333333334,0.06444041395497706,3
ENSG00000287544,60.56696,6.954248,0.0,0.0,0.5732772565512779,0.015525114155251141,1
PGF,28.054272,6.9217925,1.7609834354417816e-84,2.56453898365308e-83,0.7569444444444444,0.026992425050677477,3
EGFL7,21.60959,6.8814535,3.162985980694316e-62,3.1009666477395256e-61,0.6423611111111112,0.01749706604075536,3
CCDC141,139.36137,6.8791046,0.0,0.0,0.9119971264367817,0.04987639959284572,2
APLN,20.758959,6.848088,3.7006833050377044e-59,3.4265586157756524e-58,0.6215277777777778,0.01600341406166649,3
CCSER1,94.69104,6.844314,0.0,0.0,0.8042385057471264,0.03431728951577723,2
MDGA2,56.760544,6.8146834,0.0,0.0,0.5686063218390804,0.013959575396248364,2
NCAM1,243.3724,6.8098764,0.0,0.0,0.9885057471264368,0.08986476661334884,2
ERBB4,221.87654,6.7724724,0.0,0.0,0.9841954022988506,0.1265086520285008,2
GRID1,78.98952,6.7447734,0.0,0.0,0.7295258620689655,0.024429256943434636,2
RXFP1,60.518246,6.723255,0.0,0.0,0.5729537366548043,0.016894977168949773,1
L3MBTL4,77.735245,6.713945,0.0,0.0,0.7219827586206896,0.025010905918278318,2
LDLRAD4,169.86226,6.6356673,0.0,0.0,0.9511494252873564,0.07474189326741312,2
KDR,31.012554,6.6178074,4.521611651891918e-94,7.2929220191805135e-93,0.7986111111111112,0.040541982289555106,3
PTPRB,37.035816,6.6122603,3.0603177254660593e-112,6.420246976502222e-111,0.8541666666666666,0.05569188093459938,3
CYYR1,17.218874,6.582128,3.670837154055063e-46,2.7739323582280077e-45,0.53125,0.015896724634588712,3
SLC8A1-AS1,161.83708,6.5441113,0.0,0.0,0.9439655172413793,0.07910426057874073,2
PKP2,156.98926,6.502389,0.0,0.0,0.9403735632183908,0.07866802384760797,2
AKAP6,229.55757,6.4897823,0.0,0.0,0.9877873563218391,0.12316417042314963,2
MYOM1,231.98003,6.4850883,0.0,0.0,0.9899425287356322,0.12883524792787554,2
PKD1L1,22.476444,6.480483,2.361931973438718e-65,2.410134666774202e-64,0.6701388888888888,0.030193107863010774,3
RASGRF2,32.379997,6.474442,1.929803585749739e-98,3.2343076856140875e-97,0.8159722222222222,0.04971727301824389,3
RAPGEF5,75.28097,6.4511533,2.937153157557754e-204,2.0491766215519214e-202,0.96875,0.11618478608769871,3
TMEM163,56.71313,6.4281,0.0,0.0,0.5714798850574713,0.01643158353933401,2
DOCK8,40.763042,6.416295,5.971880473795156e-123,1.480631522428551e-121,0.8819444444444444,0.06966819588178812,3
MANCR,27.926575,6.411945,3.604713696668305e-84,5.174230186605222e-83,0.7638888888888888,0.040328603435399554,3
EPHA4,94.97562,6.3935595,0.0,0.0,0.8153735632183908,0.051185109786244,2
SORCS1,58.215954,6.387905,0.0,0.0,0.5872844827586207,0.018176530463865057,2
NEBL,241.43219,6.383113,0.0,0.0,0.9956896551724138,0.149920023265959,2
CACNB2,216.88907,6.3113403,0.0,0.0,0.9874281609195402,0.15893558237603606,2
MYH6,114.77614,6.30139,0.0,0.0,0.8868534482758621,0.06063690562745383,2
TOX,61.81577,6.2994347,0.0,0.0,0.6174568965517241,0.022393485531481752,2
VAV3,34.625446,6.261452,1.8338974233089853e-105,3.549478883823843e-104,0.8402777777777778,0.059212632028166005,3
FREM1,84.628426,6.2581706,0.0,0.0,0.7704741379310345,0.04115166497019049,2
FLT1,38.907806,6.230784,6.395770814351466e-118,1.4426550709063456e-116,0.875,0.07852341832924357,3
RYR2,222.14049,6.2126746,0.0,0.0,0.9953304597701149,0.2012505452959139,2
PECAM1,71.13706,6.2123404,4.0759673513914e-197,2.547479594619625e-195,0.9652777777777778,0.10989010989010989,3
RNF150,208.2875,6.207255,0.0,0.0,0.9859913793103449,0.13116184382725024,2
FGF13,60.03034,6.178598,0.0,0.0,0.608117816091954,0.022684310018903593,2
MYL7,214.69798,6.174308,0.0,0.0,0.9931752873563219,0.15399156608986478,2
SHANK3,30.582937,6.165867,7.863901498057694e-93,1.2482383330250307e-91,0.7986111111111112,0.06486717166328816,3
CPNE5,59.48974,6.157122,0.0,0.0,0.6056034482758621,0.022975134506325434,2
FBN2,216.65656,6.132111,0.0,0.0,0.9935344827586207,0.1877272066307983,2
CMYA5,198.51065,6.114349,0.0,0.0,0.9841954022988506,0.15282826814017741,2
MGAT4C,90.11351,6.1053066,0.0,0.0,0.8010057471264368,0.058455721971790026,2
FST,97.018,6.050637,0.0,0.0,0.8123584600452928,0.06636225266362253,1
SLC27A6,89.32715,5.937598,0.0,0.0,0.8017241379310345,0.061073142358586595,2
SERPINE1,174.26718,5.936106,0.0,0.0,0.9757360077644776,0.191324200913242,1
MASP1,54.843544,5.9097657,0.0,0.0,0.5625,0.02152101206921623,2
CHN2,138.55887,5.9034476,0.0,0.0,0.9349856321839081,0.11153119092627599,2
CLIC5,68.29899,5.8905344,0.0,0.0,0.6752873563218391,0.0312636323978479,2
TNNT2,208.5567,5.8411875,0.0,0.0,0.9949712643678161,0.18598225970626728,2
FGF12,125.856125,5.7970743,0.0,0.0,0.9313936781609196,0.17304057001599535,2
ADGRL3,189.57281,5.7900867,0.0,0.0,0.9881465517241379,0.17260433328486258,2
ITPKB,48.983955,5.772497,4.960576025434305e-146,1.6001858146562274e-144,0.9270833333333334,0.12066574202496533,3
MGAT4A,21.697119,5.713233,1.2545886490707869e-62,1.2340216220368395e-61,0.6597222222222222,0.0465165902059106,3
CPM,18.589693,5.702236,2.8589101459625426e-51,2.336983770541588e-50,0.5833333333333334,0.032753654112877416,3
DSP,68.05556,5.6564035,0.0,0.0,0.6810344827586207,0.03431728951577723,2
PCAT1,54.21604,5.653751,0.0,0.0,0.5628591954022989,0.02850079976734041,2
SORBS2,197.73984,5.6479115,0.0,0.0,0.9974856321839081,0.24429256943434638,2
MYH7,115.19352,5.6086183,0.0,0.0,0.9022988505747126,0.10702341137123746,2
CEMIP,175.298,5.5939336,0.0,0.0,0.9906179230022646,0.30273972602739724,1
SGK1,89.88663,5.5793176,0.0,0.0,0.797153024911032,0.07853881278538813,1
RCAN2,111.188156,5.5657287,0.0,0.0,0.8890086206896551,0.10673258688381562,2
KIRREL3,51.511044,5.543958,0.0,0.0,0.5082497573600776,0.030745814307458142,1
ITGBL1,97.839905,5.465777,0.0,0.0,0.839534131349078,0.10106544901065449,1
CACNA1D,60.777027,5.4464483,0.0,0.0,0.6375718390804598,0.04624109350007271,2
GCNT4,58.89696,5.445604,0.0,0.0,0.5858945325137496,0.03972602739726028,1
VGLL3,133.84637,5.4212074,0.0,0.0,0.938207699773536,0.15951293759512938,1
PRUNE2,85.9872,5.403953,0.0,0.0,0.784859268845034,0.08843226788432268,1
GALNT18,53.114166,5.392155,9.9296442616943e-159,3.58902804639553e-157,0.9444444444444444,0.1700629467619759,3
ENSG00000223786,20.83467,5.3218956,1.3457394063415717e-59,1.2616306934452234e-58,0.65625,0.05611863864291049,3
CHST15,27.022879,5.305863,1.5990119325459559e-81,2.220849906313828e-80,0.7708333333333334,0.08727195134962125,3
FHOD3,184.72029,5.2978716,0.0,0.0,0.9978448275862069,0.28486258542969317,2
ELMO1,74.33448,5.2660923,1.3688266333721564e-218,1.1732799714618483e-216,0.9756944444444444,0.21817987837405314,3
STK32B,45.292,5.245294,3.3546878733664116e-138,9.584822495332603e-137,0.9201388888888888,0.1718766670222981,3
GPRIN3,71.821594,5.2262225,0.0,0.0,0.7262931034482759,0.05801948524065726,2
FRMPD4,57.287174,5.205048,0.0,0.0,0.5816887738595924,0.051598173515981734,1
PLXDC1,58.403507,5.1916633,0.0,0.0,0.5560320182961692,0.048677592081778354,0
CCDC102B,145.67142,5.1734786,0.0,0.0,0.9714122355631789,0.27600194710368325,0
AFF3,103.39234,5.138818,0.0,0.0,0.884698275862069,0.1393049294750618,2
MYOZ2,119.706535,5.110584,0.0,0.0,0.9267241379310345,0.14948378653482625,2
NRK,100.955505,5.061328,0.0,0.0,0.8841798770624394,0.16179604261796043,1
PLA2G4C,31.76653,5.0489883,1.9904845805815923e-97,3.281018539420207e-96,0.8368055555555556,0.13069454817027631,3
RASGRP3,38.56865,5.005774,8.485096216167086e-119,1.958099126807789e-117,0.8923611111111112,0.18670649738610903,3
KCNIP4,81.2104,4.988842,0.0,0.0,0.8153735632183908,0.14032281518103823,2
TNFRSF11B,55.117805,4.920746,0.0,0.0,0.5681009382076998,0.052968036529680365,1
SIPA1L2,151.93004,4.903556,0.0,0.0,0.9859913793103449,0.2579613203431729,2
ANGPT2,60.147247,4.891449,9.182752487883371e-184,4.5913762439416855e-182,0.9652777777777778,0.2700309399338526,3
DACH1,44.726448,4.8445444,1.727728508637166e-138,4.983832236453364e-137,0.9305555555555556,0.23183612504000853,3
AFAP1L1,48.63576,4.841198,8.48430430038028e-149,2.8281014334600936e-147,0.9375,0.23631708097727516,3
JCAD,33.464012,4.836475,2.6193494414532833e-103,4.791492880707225e-102,0.8611111111111112,0.15779366264803157,3
GRAMD1B,63.93615,4.833901,0.0,0.0,0.6925287356321839,0.0802675585284281,2
MSR1,55.442364,4.775816,5.567742880484266e-172,2.3861755202075426e-170,0.9583333333333334,0.26490984743411927,3
MACROD2,85.43497,4.7752624,0.0,0.0,0.8369252873563219,0.13814163152537443,2
SLC9C1,17.3501,4.7703724,9.6161121713399e-47,7.340543642244198e-46,0.5694444444444444,0.05985276859063267,3
CALCRL,32.601192,4.728609,8.797376522998161e-101,1.5709600933925287e-99,0.8576388888888888,0.17198335644937587,3
DPP4,107.9038,4.7123485,0.0,0.0,0.9226787447428016,0.20898021308980214,1
CFAP54,16.46846,4.704962,1.8154856357996063e-43,1.334915908676181e-42,0.5416666666666666,0.054945054945054944,3
CASC15,35.736,4.704774,3.1853302110979788e-111,6.545199063899957e-110,0.8854166666666666,0.17849141150112025,3
SLC1A3,83.4486,4.6702433,0.0,0.0,0.8326149425287356,0.13843245601279627,2
ITGA6,16.776102,4.6447062,1.3028949965711154e-44,9.74734411399837e-44,0.5555555555555556,0.06305345140296596,3
PLEKHG1,63.629684,4.6199,1.3861332494786345e-196,8.316799496871807e-195,0.9722222222222222,0.32038834951456313,3
ENSG00000189229,70.08853,4.609693,0.0,0.0,0.757183908045977,0.1193834520866657,2
ADGRL4,95.43823,4.601364,0.0,0.0,0.9930555555555556,0.3235890323268964,3
FOS,63.69064,4.576338,0.0,0.0,0.6680685862180524,0.08995433789954338,1
GRIP1,74.82808,4.5687475,0.0,0.0,0.7866379310344828,0.12927148465900828,2
MCTP1,23.547365,4.5608163,1.1966484172117547e-69,1.3247030448838612e-68,0.7395833333333334,0.12258615171236531,3
ARHGEF28,62.674873,4.559697,4.100598202804028e-199,2.617403108172784e-197,0.9722222222222222,0.31334684732742984,3
COL15A1,53.386547,4.523511,0.0,0.0,0.5408805031446541,0.06782411163394451,0
XKR6,97.74818,4.517381,0.0,0.0,0.8969109195402298,0.17812999854587755,2
TTN,145.72328,4.509567,0.0,0.0,1.0,0.47797004507779556,2
ST6GALNAC3,63.624184,4.434311,0.0,0.0,0.7097701149425287,0.09248218700014542,2
PALMD,22.739368,4.361467,8.319754860896647e-67,8.757636695680681e-66,0.7326388888888888,0.1271737970767097,3
EPHA5,55.809708,4.3583817,0.0,0.0,0.6140407635069557,0.08904109589041095,1
PREX1,15.376906,4.3388395,1.9624124158266777e-39,1.3259543350180256e-38,0.5173611111111112,0.06614744478822149,3
ALPK2,128.2255,4.311234,0.0,0.0,0.9834770114942529,0.3177257525083612,2
LIMK2,28.057096,4.2814827,1.0092625847260754e-85,1.49152106117154e-84,0.8194444444444444,0.1896938013442868,3
SMAD1,50.768867,4.278878,1.2640589640855663e-159,4.6816998669835795e-158,0.9548611111111112,0.3254027525872186,3
LINC02315,60.03941,4.2736626,0.0,0.0,0.6957614942528736,0.12069216228006398,2
JPH1,48.915485,4.239904,0.0,0.0,0.5592672413793104,0.06412679947651592,2
POSTN,89.70991,4.2280703,0.0,0.0,0.8822184105202973,0.27892260262859,0
EFEMP1,124.999115,4.2195306,0.0,0.0,0.9912649627952119,0.3741248097412481,1
CCDC80,129.63783,4.20535,0.0,0.0,0.9954707214493691,0.45464231354642315,1
SDK1,89.96378,4.1907096,0.0,0.0,0.9012212643678161,0.2253889777519267,2
GREM1,45.98516,4.189562,0.0,0.0,0.5066321578777094,0.06316590563165905,1
DAPK2,20.45379,4.1874375,2.0519164204445996e-58,1.859742979254924e-57,0.6875,0.12749386535794302,3
KCNQ5,91.53675,4.156194,0.0,0.0,0.9274425287356322,0.3063835974989094,2
SCUBE3,46.820988,4.1382375,0.0,0.0,0.5362787356321839,0.05860113421550094,2
TMEM233,15.981363,4.1352673,1.019374049548766e-41,7.246734949398811e-41,0.5520833333333334,0.07724314520431025,3
PPP1R13B,83.272026,4.1317797,0.0,0.0,0.8631465517241379,0.18496437400029084,2
MGLL,25.811514,4.113819,3.736397150890778e-78,4.894843429114556e-77,0.8055555555555556,0.19396137842739786,3
CACNB4,51.29218,4.1077914,0.0,0.0,0.5781300549983824,0.09178082191780822,1
CSGALNACT1,61.085873,4.0998087,1.3158353788470732e-203,8.9716048557755e-202,0.9756944444444444,0.3472740851381628,3
LINC01505,49.640274,4.089629,0.0,0.0,0.5887212643678161,0.08506616257088846,2
NEGR1,82.74775,4.077926,0.0,0.0,0.8731802005823358,0.2497716894977169,1
LINC01695,16.560982,4.0733876,6.84550946343591e-44,5.070747750693266e-43,0.5798611111111112,0.0948469006721434,3
ANXA1,73.28535,4.046275,0.0,0.0,0.8036234228405047,0.18447488584474886,1
PTPRE,47.902744,4.0238104,5.190493864283154e-155,1.853747808672555e-153,0.9548611111111112,0.3404459618051851,3
PURPL,45.735504,4.0181193,0.0,0.0,0.5470545977011494,0.08695652173913043,2
BACE2,44.038433,4.0133624,7.347956740710798e-141,2.2043870222132395e-139,0.9444444444444444,0.351968419929585,3
MAMLD1,48.915844,3.9980083,0.0,0.0,0.5532190229699127,0.0817351598173516,1
LMCD1,84.98722,3.9944186,0.0,0.0,0.8922678744742801,0.2884322678843227,1
ETS2,18.977919,3.9820766,6.023807311072504e-53,5.0478832215691374e-52,0.65625,0.13016110103488746,3
ST8SIA4,19.796957,3.960959,4.123882366349785e-56,3.6174406722366536e-55,0.6840277777777778,0.12375973541022085,3
ENSG00000226149,42.378414,3.9484344,8.25506893195477e-136,2.2513824359876647e-134,0.9444444444444444,0.3705323802411181,3
PLXNA4,96.96359,3.9340177,0.0,0.0,0.9522270114942529,0.3348843972662498,2
ARRB1,24.036108,3.9286053,9.57698089835528e-72,1.1311394761836946e-70,0.78125,0.20335004801024217,3
TLL1,14.981946,3.9176278,5.067923704886379e-38,3.326864576511846e-37,0.5277777777777778,0.0834311319748213,3
ADAMTS19,43.731308,3.9069345,0.0,0.0,0.5186781609195402,0.06877999127526538,2
PIEZO2,75.42524,3.8921404,0.0,0.0,0.839622641509434,0.28622424144085673,0
CDC42EP3,75.64822,3.8863711,0.0,0.0,0.8444683908045977,0.2012505452959139,2
NRP2,21.55278,3.8843822,1.1059017342627065e-62,1.0913503956539867e-61,0.7395833333333334,0.1749706604075536,3
ABCG1,18.06146,3.8787317,1.5075415516218005e-49,1.202825706081224e-48,0.6388888888888888,0.12482662968099861,3
SEC14L1,45.84383,3.8760233,5.736808849814935e-147,1.870698537983131e-145,0.9513888888888888,0.36221060492905155,3
THBS1,94.421524,3.8666296,0.0,0.0,0.936590100291168,0.334855403348554,1
SLC8A1,125.875656,3.8597312,0.0,0.0,0.9985632183908046,0.5665261014977461,2
ABLIM1,118.716156,3.8315353,0.0,0.0,0.9906609195402298,0.409480878289952,2
PLXNA2,59.329845,3.8150516,2.1561621573065944e-200,1.4061927112869094e-198,0.9791666666666666,0.41352821935346207,3
ITGB8,51.314743,3.802929,0.0,0.0,0.611129084438693,0.1248097412480974,1
CRIM1,113.19842,3.788696,0.0,0.0,0.987706243934002,0.45996955859969557,1
KIF21A,103.272064,3.7877011,0.0,0.0,0.9669540229885057,0.34011923803984295,2
COL24A1,57.119434,3.7860265,0.0,0.0,0.6535162950257289,0.16112282979068634,0
SULF2,22.232784,3.7476268,2.7164836358596406e-65,2.7625257313826854e-64,0.7604166666666666,0.19630854582310894,3
SVEP1,92.85156,3.7280009,0.0,0.0,0.9517955354254287,0.3896499238964992,1
DIAPH3,67.422554,3.7157838,0.0,0.0,0.8078291814946619,0.23455098934550989,1
SLC25A21,42.04527,3.700246,4.18771606371e-312,2.963006648851e-311,0.5086206896551724,0.07517812999854588,2
THSD7A,17.292826,3.6933155,1.0155813069861885e-46,7.732852591265396e-46,0.6319444444444444,0.13826949749279846,3
IQSEC1,22.55688,3.687843,1.9152619126465393e-66,2.002015936564327e-65,0.7673611111111112,0.21668622639496427,3
PCDH7,85.288666,3.6734428,0.0,0.0,0.9360632183908046,0.38825069070815765,2
RNF144A,26.511782,3.6682801,3.5358303156743764e-81,4.8658215353317104e-80,0.8368055555555556,0.2686439773818415,3
PAMR1,66.3485,3.6525269,0.0,0.0,0.806858621805241,0.230441400304414,1
DDAH1,87.49666,3.6307762,0.0,0.0,0.9427369783241669,0.4085235920852359,1
LINC01182,42.058296,3.5913365,1.650132639467e-312,1.170306836501e-311,0.5380747126436781,0.12141922349861858,2
ANKRD1,75.89721,3.5900772,0.0,0.0,0.9127155172413793,0.3612040133779264,2
CCNYL1,55.930813,3.5806658,0.0,0.0,0.6881268197994177,0.1811263318112633,1
GNA14,55.84272,3.5677664,0.0,0.0,0.7062439340019411,0.17823439878234398,1
ENSG00000285679,71.55142,3.5624173,0.0,0.0,0.8631465517241379,0.2758470263196161,2
ZNF385D,23.875423,3.5457888,9.4797387148309e-72,1.1240796895056405e-70,0.8125,0.2479462285287528,3
COL27A1,33.807644,3.536536,8.666851220209976e-108,1.745003601384559e-106,0.9131944444444444,0.36359756748106264,3
NOX4,18.070034,3.5262966,1.0230903975049133e-49,8.184723180039306e-49,0.6666666666666666,0.15918062520004267,3
KITLG,22.431181,3.5228846,2.8752496252064674e-66,2.9950516929234034e-65,0.7881944444444444,0.25050677477861943,3
FILIP1,110.09719,3.5133398,0.0,0.0,0.9935344827586207,0.48989384906209105,2
DOCK9,53.067562,3.5056055,5.043530496458277e-180,2.3641549202148173e-178,0.9756944444444444,0.4627120452363171,3
LRRC8C,18.490143,3.4932463,2.757059411966885e-51,2.259884763907283e-50,0.6805555555555556,0.17827803264696468,3
FGF7,83.719345,3.4808462,0.0,0.0,0.9482368165642187,0.4252663622526636,1
GNG2,23.622791,3.4721036,6.3866848415544225e-71,7.397704449676937e-70,0.8125,0.2504000853515417,3
MYOF,95.05872,3.4672308,0.0,0.0,0.973471368489162,0.434703196347032,1
PTGIS,42.819733,3.4579346,0.0,0.0,0.5215140731154966,0.09969558599695585,1
EDA,58.937366,3.4531703,0.0,0.0,0.78125,0.24123891231641703,2
SH3BP5,27.31259,3.4438663,2.226888191017076e-84,3.2118579678130907e-83,0.8611111111111112,0.32380241118105196,3
DAB1,59.915318,3.4335046,0.0,0.0,0.7862787356321839,0.24007561436672967,2
C7,57.690475,3.4232614,0.0,0.0,0.720125786163522,0.2575044621126075,0
HGF,51.542057,3.422055,0.0,0.0,0.6320754716981132,0.18172967710530585,0
PPARG,58.966534,3.4125977,0.0,0.0,0.7412807318467696,0.26139866947914975,0
FRMD4B,56.151417,3.4074183,0.0,0.0,0.7474856321839081,0.19223498618583684,2
PPM1H,23.524643,3.397219,1.9089389511754666e-70,2.1610629635948679e-69,0.8194444444444444,0.30235783633841884,3
RHOJ,38.45949,3.390866,7.997482993099256e-127,2.016172183134266e-125,0.9409722222222222,0.39549770617731783,3
DNM3OS,54.027927,3.3846104,0.0,0.0,0.6620926243567753,0.19016712639948077,0
ACTA2,63.492638,3.369479,0.0,0.0,0.8152701391135555,0.2684931506849315,1
MIR222HG,46.08071,3.362208,0.0,0.0,0.5865415723066969,0.13683409436834093,1
SHROOM3,66.71236,3.3600008,0.0,0.0,0.8505747126436781,0.27046677330231206,2
CDC14A,24.427406,3.3504088,7.559830720508692e-74,9.219305756717916e-73,0.8402777777777778,0.340019204096874,3
SGCD,54.70549,3.3459835,0.0,0.0,0.698399085191538,0.23852020120071393,0
ITGA9,42.46977,3.339061,2.27e-322,1.62e-321,0.5556752873563219,0.10324269303475353,2
OSBPL10,45.94453,3.3365219,1.221512239578667e-154,4.311219669101178e-153,0.9652777777777778,0.44286781179985063,3
TENT5A,69.159065,3.320002,0.0,0.0,0.8829022988505747,0.3167078668023848,2
GPR176,61.565464,3.3112643,0.0,0.0,0.8010352636687156,0.2557077625570776,1
MYO10,40.109028,3.2792165,9.044178990339141e-134,2.401109466461719e-132,0.9548611111111112,0.43699989331057293,3
STARD9,26.80807,3.277535,8.42114811929432e-83,1.1973196378143584e-81,0.8645833333333334,0.3432198869092073,3
HDAC9,93.11573,3.2744367,0.0,0.0,0.9795258620689655,0.4740439144976007,2
NALF1,18.23845,3.2724404,1.6018073640727441e-50,1.2952620194658309e-49,0.7222222222222222,0.25082684305985276,3
GREB1L,41.51039,3.2718036,2.284843168623856e-309,1.609044484946378e-308,0.5448994252873564,0.1122582521448306,2
ENSG00000289884,47.088192,3.2679985,0.0,0.0,0.6218052410223228,0.1506849315068493,1
ARHGAP18,42.41598,3.2565277,1.4249588449465768e-143,4.362118913101766e-142,0.9618055555555556,0.4879974394537501,3
DCLK1,55.028877,3.2525263,0.0,0.0,0.7238421955403087,0.25880253123478825,0
FLNB,27.830366,3.2396147,6.929013400582866e-87,1.03935201008743e-85,0.8819444444444444,0.36711831857462923,3
FMNL3,28.427433,3.2342095,1.9225499551240467e-89,2.9730153945217216e-88,0.8854166666666666,0.34023258295102954,3
WNT5B,51.384937,3.225996,0.0,0.0,0.7076149425287356,0.18540061073142358,2
ATP8B1,70.17383,3.2259662,0.0,0.0,0.8909737948883857,0.39223744292237445,1
CFH,69.97589,3.216864,0.0,0.0,0.8942089938531219,0.3502283105022831,1
KCND2,58.734837,3.2053375,0.0,0.0,0.8372694920737626,0.33059360730593607,1
EBF2,58.71066,3.185932,0.0,0.0,0.7895940537449971,0.3131591757261074,0
SHROOM4,20.801754,3.1538584,2.3106983518952836e-60,2.207673584613328e-59,0.7777777777777778,0.26181585404886376,3
CGNL1,54.34217,3.1392515,0.0,0.0,0.7636494252873564,0.22771557365130143,2
SERPINE2,76.21346,3.1031826,0.0,0.0,0.9524425752183759,0.4331811263318113,1
ANXA3,38.967087,3.0973148,9.278620149216814e-279,6.131246794636662e-278,0.5193965517241379,0.10935000727061218,2
ENSG00000272736,46.760113,3.0880296,0.0,0.0,0.6126357918810749,0.19876683433392828,0
NREP,84.629036,3.0835354,0.0,0.0,0.9716235632183908,0.4704086084048277,2
AKR1C1,44.65148,3.0731983,0.0,0.0,0.5769010863350486,0.17848450429985396,0
KIF26B,91.86585,3.07029,0.0,0.0,0.9910201149425287,0.5691435218845426,2
FRAS1,57.37141,3.0623262,0.0,0.0,0.8232758620689655,0.30173040570015996,2
IGFBP4,63.580254,3.0619736,0.0,0.0,0.8618570042057586,0.33363774733637747,1
GMDS,51.601257,3.0255513,5.721774777378643e-186,3.178763765210357e-184,0.9826388888888888,0.569721540595327,3
PLXDC2,73.70443,3.018759,0.0,0.0,0.9322469982847341,0.5468116177186435,0
HDAC2-AS2,41.05707,3.0100229,1.337926274089484e-306,9.377987902496384e-306,0.586566091954023,0.1619892394939654,2
COL8A1,60.59415,2.9903855,0.0,0.0,0.8725331607893886,0.3721461187214612,1
PKNOX2,48.588615,2.9845881,0.0,0.0,0.6698113207547169,0.24809346097679702,0
LGR4,74.82626,2.9788024,0.0,0.0,0.9479166666666666,0.46488294314381273,2
COL14A1,51.028328,2.9768374,0.0,0.0,0.7161234991423671,0.30342365730975174,0
CCBE1,58.05671,2.9741933,0.0,0.0,0.8460045292785506,0.3552511415525114,1
FHL2,80.80112,2.9648278,0.0,0.0,0.9741379310344828,0.5335175221753672,2
PPP1R12B,92.888855,2.9619138,0.0,0.0,0.9874281609195402,0.5988076196015705,2
CADM1,64.03868,2.945898,0.0,0.0,0.9008620689655172,0.36062236440308276,2
MID1,81.74532,2.9397185,0.0,0.0,0.9835004852798447,0.6056316590563166,1
LDB2,58.67342,2.9387524,0.0,0.0,0.8444825614636935,0.38617556384877494,0
GUCY1A2,53.325382,2.934732,0.0,0.0,0.8096264367816092,0.30812854442344045,2
UNC5C,54.364647,2.9345863,0.0,0.0,0.7895940537449971,0.36751582021742657,0
RNF152,45.52402,2.93134,0.0,0.0,0.630360205831904,0.2583157553139705,0
FBN1,85.030594,2.931256,0.0,0.0,0.9893238434163701,0.5473363774733637,1
KHDRBS3,53.461597,2.922906,0.0,0.0,0.7724413950829045,0.37124776894369627,0
EHD4,42.90363,2.9224403,0.0,0.0,0.6163793103448276,0.1563181619892395,2
MECOM,88.7831,2.9216635,0.0,0.0,1.0,0.5903126000213379,3
TRPC4,37.537548,2.9210374,3.267235337491213e-267,3.6302614861013476e-266,0.505338078291815,0.13759512937595128,1
SEMA3C,44.371044,2.9167464,0.0,0.0,0.6444516337754772,0.2234398782343988,1
NCKAP5,54.50274,2.906773,0.0,0.0,0.829382183908046,0.33066744219863314,2
NEK10,58.98225,2.9005964,0.0,0.0,0.8667098026528631,0.436986301369863,1
GFOD1,45.53011,2.8992457,0.0,0.0,0.6792385057471264,0.20503126363239785,2
FLI1,26.435276,2.8876312,9.13953397217785e-83,1.2933302790817713e-81,0.8958333333333334,0.409260642270351,3
LRFN5,39.075115,2.8513246,1.4178116895331688e-292,1.7150947857256073e-291,0.5140080045740423,0.16956027908486127,0
ITGA1,45.91786,2.8485706,0.0,0.0,0.6669525443110349,0.2815187408729515,0
EGFR,59.724495,2.8390899,0.0,0.0,0.8806211582012293,0.40365296803652967,1
ARHGAP22,19.891733,2.8353825,3.3613005976322483e-57,3.001161247885936e-56,0.7951388888888888,0.31334684732742984,3
CDK17,57.0021,2.8236074,3.4678380292175345e-215,2.8898650243479455e-213,0.9895833333333334,0.6191187453323376,3
ITGA11,51.561394,2.8235543,0.0,0.0,0.7692967409948542,0.3456109037806263,0
PLPP1,75.78661,2.8184714,0.0,0.0,0.948256146369354,0.6133376602304073,0
MAPK10,55.354805,2.7941983,0.0,0.0,0.8150371640937679,0.42933636216128507,0
CPED1,50.668697,2.7932723,0.0,0.0,0.7787123908120349,0.31080669710806696,1
NAV2,86.275154,2.7906396,0.0,0.0,0.9851180847622129,0.6624048706240487,1
MEF2C,29.096586,2.7880378,2.023528179540476e-93,3.229034329053951e-92,0.9236111111111112,0.46783313773605034,3
SKAP2,13.399283,2.7841878,2.4857665187605806e-32,1.4650883214698904e-31,0.5625,0.16131441374159822,3
COL6A3,83.933365,2.7823546,0.0,0.0,0.9962835906232133,0.6469251987668343,0
STK39,89.56943,2.7819588,0.0,0.0,0.9906609195402298,0.6143667296786389,2
GUCY1A1,46.287727,2.780817,0.0,0.0,0.7370689655172413,0.23920314090446415,2
MIR31HG,53.85892,2.7807243,0.0,0.0,0.8307990941442899,0.35114155251141554,1
ABTB2,42.767845,2.7526708,0.0,0.0,0.6702586206896551,0.2140468227424749,2
PDGFRB,51.128757,2.7430491,0.0,0.0,0.7818753573470555,0.37838714911569044,0
COLEC12,13.100012,2.734193,3.0044378409292095e-31,1.7300025955446503e-30,0.5659722222222222,0.17934492691774245,3
LTBP1,82.47405,2.7312138,0.0,0.0,0.9885057471264368,0.5768503708012215,2
LINC02615,41.337936,2.7244468,0.0,0.0,0.6146878032999029,0.2202435312024353,1
FGD4,23.366034,2.7196405,7.950495997791782e-71,9.138501146887107e-70,0.875,0.4399871972687507,3
MMP16,51.069717,2.7156441,0.0,0.0,0.7738707833047456,0.39169235761804316,0
ANK2,75.495605,2.7142375,0.0,0.0,0.9709051724137931,0.5434055547477098,2
ST3GAL6,43.524506,2.7133842,6.892061720529358e-153,2.3495664956350084e-151,0.9756944444444444,0.6233863224154487,3
DOCK4,93.73132,2.7125282,0.0,0.0,1.0,0.7332764323055585,3
PLCB4,59.992798,2.711729,0.0,0.0,0.8972701149425287,0.4087538170713974,2
BCL2,18.231455,2.7112525,8.562773386682217e-51,6.961604379416437e-50,0.7777777777777778,0.3281766776912408,3
PLPP3,48.76402,2.6970644,0.0,0.0,0.7777418311226141,0.3497716894977169,1
PDE4D,75.66615,2.6940296,0.0,0.0,0.9802442528735632,0.5354078813436092,2
PRICKLE1,85.400406,2.677754,0.0,0.0,0.9942528735632183,0.6376326886723862,2
MSC-AS1,60.98584,2.6744816,0.0,0.0,0.9153802172670097,0.49164368002596137,0
PHACTR1,26.132292,2.6730845,3.081664461994823e-82,4.299996923713706e-81,0.9097222222222222,0.47103382054838366,3
INPP4B,76.67712,2.6581278,0.0,0.0,0.9795258620689655,0.5890649992729388,2
CDH2,84.04571,2.6519735,0.0,0.0,0.9949712643678161,0.608841064417624,2
PKP4,61.192368,2.6475275,0.0,0.0,0.9035910708508573,0.5202435312024353,1
RUNX1,56.704933,2.644192,0.0,0.0,0.8779302458547742,0.4820704202498783,0
DAPK1,60.644,2.633654,0.0,0.0,0.9022969912649628,0.506544901065449,1
PAPSS2,46.923813,2.6327622,0.0,0.0,0.7554189582659333,0.3106544901065449,1
MRC2,44.123787,2.6169345,0.0,0.0,0.6692395654659805,0.29239006977121534,0
EBF1,68.998184,2.6075633,0.0,0.0,0.9802744425385935,0.5877007950673373,0
SLC4A4,45.636784,2.5904183,0.0,0.0,0.7485632183908046,0.2729387814453977,2
DAB2,61.39297,2.5849931,0.0,0.0,0.9252669039145908,0.4958904109589041,1
PCED1B,36.80908,2.5740983,3.4984029838044016e-265,3.802611938917828e-264,0.5283018867924528,0.19698198929092975,0
ENSG00000232855,34.12412,2.56196,5.490720419208772e-227,5.313600405685908e-226,0.5082497573600776,0.18386605783866058,1
HSPG2,27.9145,2.5495179,5.483136757251798e-89,8.392556261099693e-88,0.9340277777777778,0.575909527365838,3
FRMD4A,56.485928,2.548157,3.819046058837492e-246,4.406591606350952e-244,0.9930555555555556,0.6071695294996265,3
BACH2,44.01341,2.5458844,0.0,0.0,0.7492816091954023,0.29940380980078524,2
GATA4,74.5859,2.541019,0.0,0.0,0.9806034482758621,0.5633270321361059,2
ARHGAP26,62.105686,2.5308568,0.0,0.0,0.9349856321839081,0.4760796859095536,2
FANK1,34.260216,2.527112,1.4781578081153356e-229,1.4539257129003302e-228,0.5082497573600776,0.15996955859969558,1
PELI2,42.116817,2.5225084,0.0,0.0,0.6689536878216124,0.30001622586402726,0
SLC44A5,33.190254,2.5202653,6.357895714561233e-215,3.5585237208365106e-214,0.5272988505747126,0.14802966409771703,2
MAST4,74.37925,2.512087,0.0,0.0,0.9813218390804598,0.6137850807037952,2
LMBR1,22.703262,2.507881,1.7303922666810862e-68,1.8740710469470248e-67,0.8888888888888888,0.5116824922650165,3
PLCL1,57.968452,2.5037506,0.0,0.0,0.9249281609195402,0.506325432601425,2
PVT1,57.253216,2.4976976,0.0,0.0,0.8987382724037528,0.5025875190258752,1
CACNA1C,87.098434,2.4918015,0.0,0.0,0.9956896551724138,0.7420386796568271,2
FAP,58.107613,2.484976,0.0,0.0,0.9296740994854202,0.5352912542592894,0
ENSG00000254987,44.241848,2.481034,0.0,0.0,0.7578616352201258,0.4256044134350154,0
PDGFRA,55.797874,2.4772975,0.0,0.0,0.9097379488838564,0.46773211567732115,1
ADAM12,56.986748,2.4679317,0.0,0.0,0.9330313814299579,0.5190258751902588,1
MTSS1,28.740719,2.4622927,1.3273289470379774e-93,2.129404727868413e-92,0.9444444444444444,0.5675877520537714,3
NLGN4Y,15.085328,2.4484646,9.135058722813578e-39,6.090039148542386e-38,0.7361111111111112,0.35708951242931825,3
SULF1,35.7746,2.4473586,4.109355389974565e-253,4.2805785312235053e-252,0.5534591194968553,0.23219211423008276,0
SLC12A2,15.699685,2.4382198,4.402470459080263e-41,3.100331309211453e-40,0.7395833333333334,0.35442227675237387,3
PLCB1,55.066986,2.4345229,4.685949303562644e-238,4.685949303562643e-236,0.9930555555555556,0.6767310359543369,3
PAPPA,57.32896,2.4272768,0.0,0.0,0.9420899385312197,0.5505327245053272,1
SLC40A1,34.00088,2.4129262,3.3373192699880217e-227,3.2401157961048757e-226,0.5393076674215465,0.1969558599695586,1
LIMCH1,13.724497,2.4072673,1.2501596546849391e-33,7.515989907925486e-33,0.6597222222222222,0.27280486503787477,3
PRAG1,13.254369,2.4007695,6.996119001918016e-32,4.075409127330883e-31,0.6354166666666666,0.2576549663928305,3
RNF19A,30.121767,2.375006,1.2287839722727481e-98,2.070984222931598e-97,0.9548611111111112,0.6355489171023152,3
SLC9A9,40.05651,2.3713872,0.0,0.0,0.6666666666666666,0.33912055816972253,0
RORA,74.396355,2.3646019,0.0,0.0,0.9899942824471126,0.721888690572773,0
CDH13,32.23408,2.3477135,7.846717843264369e-111,1.6013709884212998e-109,0.9652777777777778,0.6119705537181266,3
IL1RAPL1,52.75866,2.3470182,0.0,0.0,0.9238505747126436,0.5710338810527846,2
GRK5,27.883184,2.3454235,3.2813790405024784e-90,5.1271547507851225e-89,0.9444444444444444,0.6029019524165156,3
MYH10,74.74074,2.3453941,0.0,0.0,0.9844710449692656,0.7073059360730594,1
SLC7A11,12.890244,2.3412342,1.388786696697366e-30,7.890833503962307e-30,0.6284722222222222,0.23994452149791956,3
GLIS1,33.76423,2.3384674,1.698618896138725e-225,1.6332874001333894e-224,0.5519249433840181,0.19710806697108066,1
RPS6KA2,55.448906,2.3309884,0.0,0.0,0.9097379488838564,0.5561643835616439,1
GLIS3,65.48356,2.327244,0.0,0.0,0.9792947266256875,0.6377473363774734,1
TMLHE,39.6836,2.30412,4.585390614582575e-300,3.1550852852632396e-299,0.7176724137931034,0.31016431583539333,2
TENM4,33.36941,2.2963593,4.946594837481668e-223,4.5801804050756184e-222,0.5331618067467124,0.24468602953107252,0
MGST1,47.157875,2.2926517,0.0,0.0,0.8537690067939179,0.44398782343987825,1
PLSCR4,44.08462,2.2860537,0.0,0.0,0.7884505431675243,0.4413435015414571,0
EFCAB13,35.18126,2.2833555,3.9403986205209167e-240,2.3454753693576885e-239,0.6203304597701149,0.2351315980805584,2
DOCK10,37.32873,2.2823095,1.3736267887496006e-276,1.5788813663788515e-275,0.648084619782733,0.30634431283465846,0
FRMD6,48.47743,2.2711735,0.0,0.0,0.8777094791329667,0.4846270928462709,1
PDE7B,46.78974,2.268693,0.0,0.0,0.8744742801682304,0.47214611872146117,1
CPNE8,18.083134,2.2685037,1.2772260063894296e-50,1.0355886538292673e-49,0.8333333333333334,0.4320921796649952,3
HMGA2,46.908165,2.2619274,0.0,0.0,0.8673568424458105,0.523896499238965,1
NLGN1,52.196377,2.2585528,0.0,0.0,0.930316091954023,0.554020648538607,2
LPAR1,38.402557,2.2479239,5.3475973665421855e-292,6.442888393424319e-291,0.6855345911949685,0.35064092162907673,0
TFPI,57.75642,2.247775,0.0,0.0,0.9640892914914267,0.5729071537290715,1
EPHA3,32.103798,2.245942,1.6620268653495134e-207,1.4621937231813902e-206,0.5128644939965694,0.2427389258478014,0
DMD,77.70828,2.2441316,0.0,0.0,0.9953304597701149,0.7501817653046386,2
ITGA2,11.349503,2.2429018,4.635271718587149e-25,2.2946889695975982e-24,0.5659722222222222,0.23002240477968633,3
PDE3A,43.799343,2.2415388,0.0,0.0,0.8181818181818182,0.4853155930553302,0
ABCA6,41.831406,2.2393644,0.0,0.0,0.7767295597484277,0.42171020606847315,0
BNC2,61.860542,2.2347023,0.0,0.0,0.9893238434163701,0.6178082191780822,1
NR2F2-AS1,36.64616,2.226758,2.7446304258475963e-267,3.016077391041315e-266,0.6455117209834191,0.3196495213370112,0
SH3PXD2B,43.596886,2.2189274,0.0,0.0,0.7870211549456833,0.4640597111796203,0
MAML3,43.41519,2.2020452,6.864167766855375e-167,2.640064525713606e-165,0.9895833333333334,0.6932678971513923,3
SLC38A1,20.724771,2.1971478,3.457800750275377e-61,3.3462587905890747e-60,0.8923611111111112,0.5456097300757495,3
MYO1D,46.299404,2.1970003,5.08281178775857e-185,2.629040579875122e-183,0.9895833333333334,0.6971087165261922,3
INSR,18.552591,2.195793,2.2051024897060136e-52,1.8223987518231517e-51,0.8715277777777778,0.5482769657526939,3
ABCA9,43.944775,2.1870248,0.0,0.0,0.8576512455516014,0.45464231354642315,1
NEK6,40.655033,2.1798956,0.0,0.0,0.7703008735037205,0.382648401826484,1
SLC2A13,41.495667,2.1787636,0.0,0.0,0.7618639222412807,0.45091676131754016,0
CNKSR3,38.32361,2.1753843,3.5782911312093683e-284,2.380238003021753e-283,0.7277298850574713,0.32063399738257964,2
PDE5A,37.81411,2.1626923,2.147911584691854e-279,2.4594407458303673e-278,0.7088320931737302,0.37229832572298327,1
KCNT2,38.105892,2.1617637,2.174612397294932e-286,2.5991383234600783e-285,0.7470074409576188,0.37792998477929984,1
SGIP1,39.137466,2.1568131,4.869501896574125e-304,6.190044783780668e-303,0.7538593481989708,0.450592244036995,0
MEG3,40.943657,2.1438315,0.0,0.0,0.810417340666451,0.42815829528158295,1
MIRLET7BHG,46.321346,2.1409051,0.0,0.0,0.873827240375283,0.5025875190258752,1
RARB,33.43814,2.1360686,8.801800404700144e-221,5.010512564345433e-220,0.6350574712643678,0.2588337938054384,2
PALLD,82.52773,2.1265075,0.0,0.0,0.9992816091954023,0.8000581648974844,2
CRACD,31.437344,2.1257899,3.055926938275324e-200,2.634419774375279e-199,0.5222984562607204,0.25101411650170374,0
PDE1A,45.961002,2.1219807,0.0,0.0,0.9055321902296991,0.5342465753424658,1
COL3A1,71.82506,2.1215975,0.0,0.0,0.9982847341337907,0.763102385202012,0
SOX6,55.304527,2.118128,0.0,0.0,0.9561781609195402,0.5836847462556347,2
IL1R1,40.20008,2.110617,0.0,0.0,0.7761578044596913,0.4627616420574396,0
EBF3,35.022602,2.1097007,2.351446197756425e-244,2.440947610127777e-243,0.669362665803947,0.2989345509893455,1
ENSG00000286481,34.154346,2.1039085,4.325185131497496e-236,4.240377579899506e-235,0.6680960548885078,0.36621775109524585,0
TIMP3,37.165283,2.10047,6.636036875976209e-271,4.26297872118386e-270,0.7431752873563219,0.3297949687363676,2
ADARB1,38.19656,2.090289,9.504582714919066e-286,1.1270256183698498e-284,0.746036881268198,0.4267884322678843,1
PCSK5,14.742573,2.0888793,1.294861234848668e-37,8.371947639107766e-37,0.7777777777777778,0.42419716206123975,3
GLCCI1,32.706127,2.0799074,7.269408199738606e-212,4.031095120002924e-211,0.6300287356321839,0.26814017740293733,2
COL1A2,63.483204,2.079592,0.0,0.0,0.9977129788450543,0.7285412948239494,0
PLEKHH2,33.444435,2.0761764,1.028649596159554e-225,9.583691889685286e-225,0.6023441966838193,0.30634431283465846,0
CPQ,46.007008,2.0732236,0.0,0.0,0.8704974271012007,0.5672562063929905,0
MYO1B,25.622507,2.068659,2.1123082538545715e-82,2.961179795123231e-81,0.9479166666666666,0.6365091219460152,3
OPHN1,37.4666,2.0637908,8.066396259813004e-274,5.306839644613819e-273,0.7600574712643678,0.3888323396830013,2
DLG2,51.22081,2.0637088,0.0,0.0,0.9428879310344828,0.6447578886142213,2
DPYD,58.58517,2.0563357,0.0,0.0,0.9705546026300743,0.6949537562875223,0
FOXO1,34.530212,2.0539489,1.6475499067613158e-122,4.051352229740941e-121,0.9791666666666666,0.6961485116824923,3
MARCHF3,41.684586,2.0459125,0.0,0.0,0.8462643678160919,0.455140322815181,2
STEAP1B,10.555712,2.0414457,2.3579311439121035e-22,1.0717868835964108e-21,0.5520833333333334,0.2329030193107863,3
SYNPO2,36.41626,2.0387459,5.732571690273684e-261,3.567990678593579e-260,0.7557471264367817,0.37967136832921333,2
HMCN1,42.57506,2.0366988,0.0,0.0,0.8653516295025729,0.5667694304721727,0
LRMDA,31.744528,2.0351381,2.5439500350650044e-110,5.156655476483117e-109,0.9722222222222222,0.7127920623066254,3
HECW2,45.81857,2.0344245,0.0,0.0,0.9030172413793104,0.550239930202123,2
RFTN2,11.117299,2.0257611,2.7342458770442958e-24,1.3251595526870575e-23,0.5902777777777778,0.249759948789075,3
SLIT3,54.975525,2.0179439,0.0,0.0,0.9766522988505747,0.6293441907808638,2
CREB5,39.33201,2.012486,9.200056290928828e-303,6.374172949835215e-302,0.8283045977011494,0.4645921186563909,2
EPAS1,37.580795,2.0115428,1.2897833643302718e-281,1.4882115742272367e-280,0.7800064703979295,0.4060882800608828,1
KALRN,17.455946,2.0110676,2.266442356432667e-48,1.7799285521722518e-47,0.8680555555555556,0.529606316014083,3
OSBPL3,12.407847,1.995871,7.085901873586089e-29,3.8791433614522385e-28,0.6875,0.3521817987837405,3
UTY,34.390404,1.9929655,2.450073254768765e-239,2.4419334765137195e-238,0.6786735277301315,0.37660230407269185,0
CENPP,39.22965,1.9893351,1.7254993661685417e-306,2.2121786745750535e-305,0.793596340766152,0.521012493915301,0
PDE1C,39.633064,1.9856848,0.0,0.0,0.8288579747654481,0.5036529680365297,1
FRMD5,37.200897,1.9815311,8.531362029447528e-274,5.600456474473214e-273,0.8178879310344828,0.46430129416896904,2
COL6A2,42.318913,1.9736905,0.0,0.0,0.8576329331046312,0.5448645140353724,0
PIK3R1,39.283928,1.9736594,5.310149071649264e-302,3.662171773551217e-301,0.8211206896551724,0.44597935146139306,2
NUAK1,31.479404,1.9677114,1.8365382065006653e-198,9.838597534824992e-198,0.6400862068965517,0.28122727933692016,2
ENSG00000253496,29.117899,1.96159,1.690527460824464e-173,1.363328597439084e-172,0.5736007764477515,0.2528158295281583,1
LMCD1-AS1,30.108454,1.957679,3.320330435572456e-184,2.7823998063456337e-183,0.5839534131349078,0.27275494672754946,1
TRPS1,70.199295,1.9460336,0.0,0.0,0.9917095483133219,0.8041538211909784,0
GHR,37.42085,1.9446471,3.805096679930079e-276,2.5088549538000523e-275,0.8078304597701149,0.4496146575541661,2
ENSG00000243176,28.390188,1.9336851,8.27189753372202e-165,6.346724450426103e-164,0.5279844710449693,0.236986301369863,1
PLA2R1,32.807796,1.9320267,3.362464472774148e-219,3.075424822659282e-218,0.6535162950257289,0.3602141814051598,0
ADAMTS6,34.561493,1.9319311,1.0553817846073562e-237,6.244862630812758e-237,0.7798132183908046,0.45426784935291553,2
SYNJ2,41.18291,1.9226047,0.0,0.0,0.8353344768439108,0.5800746389745254,0
CLMP,33.66226,1.917862,1.1342812330354559e-229,1.1193564799691998e-228,0.7360077644775154,0.3765601217656012,1
CNIH3,10.93062,1.9102107,1.1595850865284972e-23,5.513082820262269e-23,0.6215277777777778,0.29883708524485225,3
MGMT,12.879872,1.9090445,1.1954656459195784e-30,6.80530728227464e-30,0.7361111111111112,0.39944521497919555,3
EPB41L2,43.792164,1.9039505,0.0,0.0,0.8985134362492853,0.5917572610741522,0
APBB2,51.11407,1.8831075,0.0,0.0,0.962148172112585,0.6687975646879757,1
NSD2,34.20009,1.873391,2.2285365031968797e-233,1.2956607576726046e-232,0.7413793103448276,0.36774756434491784,2
PRR16,34.870567,1.8652117,3.1557543988302733e-245,3.287244165448201e-244,0.783888709155613,0.47290715372907155,1
TSHZ2,40.880844,1.86129,0.0,0.0,0.9102011494252874,0.5659444525229024,2
CHST11,36.408627,1.8595797,6.186937693919797e-267,6.774019372904887e-266,0.7827329902801601,0.5424306344312835,0
COL1A1,57.229767,1.852671,0.0,0.0,0.9957118353344768,0.7444426415706636,0
SERINC5,32.23092,1.8469958,1.7810479778071873e-211,1.5715129215945773e-210,0.6626643796455117,0.42122343014765534,0
SASH1,54.51572,1.8427093,0.0,0.0,0.9731478485926884,0.7327245053272451,1
ETV1,29.080276,1.832064,6.843140367983559e-172,3.46195971398831e-171,0.6289511494252874,0.2915515486403955,2
GULP1,15.49887,1.8219308,1.0295106168702727e-40,7.149379283821339e-40,0.8541666666666666,0.5492371705963939,3
TBX18,30.29032,1.8114072,7.050695308907299e-188,6.009115320091448e-187,0.6619217081850534,0.33120243531202437,1
CLIC4,41.261333,1.8059583,1.514516797209291e-159,5.540915111741308e-158,0.9930555555555556,0.7918489277712578,3
EYA4,26.253117,1.797584,1.0144438770064637e-141,4.653412279846164e-141,0.5707614942528736,0.2802093936309437,2
SP100,33.74169,1.7919099,7.06085985788152e-233,6.833090185046633e-232,0.7515723270440252,0.4588674346908973,0
COBLL1,25.453615,1.7822374,7.806063236664535e-134,3.4900431758559767e-133,0.5136494252873564,0.21215646357423296,2
FYN,28.731396,1.7801715,3.482240296592381e-97,5.708590650151444e-96,0.9756944444444444,0.7366904939720473,3
USP9Y,30.308435,1.7774494,2.059990959724316e-188,1.7606760339524066e-187,0.6871562601099968,0.36484018264840185,1
FAM227B,28.01357,1.7748549,3.611782637334862e-161,2.6753945461739717e-160,0.5897767712714332,0.32465753424657534,1
FOXP2,27.968588,1.7720942,1.3452170967990495e-162,9.94002780885997e-162,0.582904516866781,0.3292227811130943,0
SNX9,52.37032,1.7548281,0.0,0.0,0.9545454545454546,0.7720266104170047,0
LAMA4,36.273193,1.754037,1.5718810567093431e-133,4.136529096603535e-132,0.9861111111111112,0.8101995092286355,3
PCDH9,32.51034,1.752175,8.443347529567473e-217,7.606619396006733e-216,0.7661520869068039,0.5383741684244686,0
SNTB1,27.511015,1.7492522,7.853941996176533e-157,5.774957350129803e-156,0.6179230022646393,0.3167427701674277,1
PLCE1,25.882215,1.7467976,3.356540793999971e-138,1.5187967393665027e-137,0.5520833333333334,0.25127235713247054,2
CYP1B1,29.010267,1.7412341,2.2618895719207085e-174,1.7625113547434095e-173,0.6237850200114351,0.366542268375791,0
DEPTOR,30.329237,1.7319888,1.978926595159966e-189,1.6962227958513996e-188,0.7356842445810418,0.41643835616438357,1
NAV3,40.375656,1.7264165,0.0,0.0,0.9042309891366496,0.6647736491968197,0
CALCRL-AS1,30.663258,1.726358,4.2099793910687894e-194,3.660851644407643e-193,0.771594953089615,0.4459665144596651,1
COL12A1,35.2226,1.7260703,3.467939523688606e-253,3.6250238923574275e-252,0.8230417381360777,0.5656336199902645,0
BICC1,60.509182,1.7245897,0.0,0.0,0.9974118408282109,0.8045662100456621,1
NRXN3,28.928406,1.7238688,2.0645426926400006e-173,1.6604901013190352e-172,0.7321255257198318,0.4324200913242009,1
FBXO32,25.71445,1.7198347,1.1173828412468204e-136,5.033256041652344e-136,0.5614224137931034,0.25752508361204013,2
TNFRSF19,26.53803,1.7150874,4.540566245780425e-145,2.1118912771071744e-144,0.5941091954022989,0.28617129562309146,2
ZEB2,49.012035,1.7026589,0.0,0.0,0.9479702687249857,0.7650494888852831,0
NR2F1-AS1,27.760843,1.701504,1.3334860736171594e-160,9.781071444624641e-160,0.6037735849056604,0.34772026610417006,0
COL5A1,37.291607,1.6886746,7.981403573251067e-281,9.174027095690883e-280,0.8702685215140731,0.5792998477929985,1
PRIM2,29.013884,1.6764532,3.1030751885249474e-173,2.4890977448061076e-172,0.6803623422840505,0.4031963470319635,1
ARHGAP29,24.614124,1.6756363,1.7200488207007348e-79,2.303636813438484e-78,0.9652777777777778,0.7331697428784807,3
ENSG00000286458,32.597187,1.6736811,8.78981665221032e-216,8.26628525286237e-215,0.7897120672921385,0.545662100456621,1
FN1,53.73386,1.6665764,0.0,0.0,0.9965694682675815,0.7944183027746228,0
ADAMTS9-AS2,10.115577,1.6656018,6.2887552377745634e-21,2.782635060962196e-20,0.6701388888888888,0.3909100608129734,3
BCAT1,25.676157,1.6618931,1.0983783093488056e-137,7.38819490593367e-137,0.5706890973794888,0.28097412480974127,1
RRBP1,35.375668,1.6573242,7.411253874356314e-256,7.828789303897514e-255,0.8416237850200115,0.5859159500243388,0
COL6A1,54.802288,1.6543614,0.0,0.0,0.9935296020705273,0.7751902587519026,1
CD44,26.077345,1.6538229,7.245437498426153e-142,5.054956394250804e-141,0.6027175671303785,0.3156773211567732,1
SOX5,32.344738,1.6502537,1.3311649657880594e-215,1.1920880290639338e-214,0.8007432818753574,0.5680674995943534,0
PRRX1,42.361847,1.6468803,0.0,0.0,0.9253859348198971,0.7131267239980529,0
VLDLR-AS1,24.762302,1.6367801,1.3729549989341356e-127,6.004176380178436e-127,0.5671695402298851,0.2727933692016868,2
SPOCK1,28.545334,1.635858,1.378397962462072e-168,1.0825114888445591e-167,0.7055968942089939,0.42343987823439877,1
EDIL3,31.469368,1.6299405,6.361167388140391e-204,5.679613739411064e-203,0.8097703008735038,0.5223744292237443,1
KLHL5,16.07596,1.6133232,3.201532486183614e-43,2.3425847459880103e-42,0.8958333333333334,0.6163448202283154,3
LINC-PINT,48.720585,1.600877,0.0,0.0,0.9831769653833711,0.7462709284627093,1
PID1,27.9063,1.5959675,2.4141534413814295e-162,1.8197136492824848e-161,0.7246845681009382,0.41491628614916287,1
TTTY14,25.655703,1.591441,1.5282615345727428e-138,1.016581952043953e-137,0.5957690108633504,0.36183676780788576,0
PLCXD3,25.03871,1.5729554,5.19119108341144e-131,2.3003800960464285e-130,0.6745689655172413,0.3860695070524938,2
ABI3BP,24.19923,1.5726824,2.8191035575913574e-123,1.7619397234945983e-122,0.5875121319961177,0.321765601217656,1
ALCAM,26.680916,1.5525677,1.619381433155772e-148,1.1539535153129017e-147,0.6933031381429958,0.43120243531202435,1
ROR2,31.491074,1.5437311,6.015709206125985e-203,3.263495048531276e-202,0.8376436781609196,0.5359895303184529,2
COL5A2,44.655575,1.5429956,0.0,0.0,0.970883209317373,0.7261796042617961,1
IGFBP7,56.22155,1.5411575,0.0,0.0,0.9932060821740537,0.8220700152207001,1
COL18A1,28.317436,1.528582,7.752881148955156e-167,5.829233946582823e-166,0.707833047455689,0.5203634593542106,0
PLD1,11.204039,1.516552,1.1168064309507975e-24,5.474541328190184e-24,0.78125,0.539635122159394,3
NAALADL2,38.65816,1.5142922,5.271893544540418e-303,6.617439595657429e-302,0.917095483133219,0.7324355021904917,0
RAI14,42.08142,1.4820048,0.0,0.0,0.9508249757360078,0.7410958904109589,1
FRY,31.73547,1.4808115,1.814532595784932e-207,9.969959317499627e-207,0.8674568965517241,0.5470408608404828,2
ENSG00000285336,7.7488756,1.4784296,1.428962545639351e-13,4.984753066183782e-13,0.5243055555555556,0.2913688253494079,3
OXR1,32.38685,1.4736339,8.927043398736997e-217,8.018302453955387e-216,0.8536306460834763,0.6639623559954567,0
SNED1,8.417455,1.4564165,1.532147783853704e-15,5.759954074637984e-15,0.5833333333333334,0.31654753013976317,3
MYO1E,24.046257,1.4490966,8.71033759656096e-78,1.126336758175986e-76,0.9756944444444444,0.7963298837085245,3
RAD51B,28.744984,1.431184,1.4276434035666185e-172,1.1010103369408367e-171,0.7890222984562607,0.6034398831737791,0
MAP1B,36.859283,1.4184711,7.563803636235846e-277,8.562796569323599e-276,0.9297961824652217,0.7141552511415525,1
MCC,40.4266,1.4062153,0.0,0.0,0.959051724137931,0.718336483931947,2
LAMC1,45.491753,1.4051903,0.0,0.0,0.9757360077644776,0.7961948249619483,1
ZDHHC14,8.242244,1.3987746,5.190569645065724e-15,1.901307562295137e-14,0.625,0.4134215299263843,3
PAG1,25.88135,1.3985395,2.67793161746825e-140,1.222799825327968e-139,0.7532327586206896,0.44597935146139306,2
ULK4,11.187438,1.3935231,1.1593929305850603e-24,5.674027392749071e-24,0.8125,0.5670543049183826,3
SUGCT,25.565628,1.3917384,3.2186836325222105e-137,2.155368503921123e-136,0.7275962471692009,0.5035007610350076,1
SLCO3A1,39.675983,1.3820515,0.0,0.0,0.9601293103448276,0.7235713247055402,2
DGKI,27.064205,1.3767627,3.036798887736636e-153,1.4507001056066732e-152,0.8250718390804598,0.535698705831031,2
PDZRN3,32.608356,1.3760194,3.9067536138487126e-219,2.2030565491628078e-218,0.915948275862069,0.6667151374145703,2
EVA1C,20.432972,1.3712612,1.4251156126504476e-89,7.648205434617787e-89,0.5033969589129732,0.26986301369863014,1
PRKG1,52.407253,1.3699906,0.0,0.0,0.9954259576901087,0.8766834333928282,0
ROR1,43.64296,1.3627832,0.0,0.0,0.9812358460045293,0.8153729071537291,1
COL4A1,41.04748,1.3543193,3.516239290306266e-173,1.5512820398409996e-171,0.9965277777777778,0.8795476368291902,3
ABCA1,32.648384,1.34633,3.722151481394193e-220,3.4148178728387094e-219,0.8853630646083476,0.739088106441668,0
MBNL2,20.925388,1.344572,6.104189488254799e-64,6.124604837713845e-63,0.96875,0.8116931612077243,3
ANKS1B,19.761578,1.3249583,4.436417142857106e-84,2.3026386554621655e-83,0.5198964736331284,0.3082191780821918,1
CELF2,37.131546,1.302551,7.366464724773815e-282,8.532584623290133e-281,0.9569718537690068,0.7636225266362253,1
MIR100HG,56.916134,1.2959325,0.0,0.0,0.9970883209317373,0.8898021308980213,1
SETBP1,24.910912,1.2933306,1.677170731764474e-131,1.0820456333964348e-130,0.7484276729559748,0.587051760506247,0
ABCC4,21.006443,1.2850432,9.214336889174372e-95,4.971764508547323e-94,0.5588907947398514,0.4079182216453026,0
WWTR1,33.704037,1.2801734,1.1226265650979412e-233,1.0899287039785837e-232,0.9082332761578045,0.7854940775596301,0
DLEU2,32.686314,1.2733089,1.5536258535822628e-220,1.4297170431738615e-219,0.9036592338479131,0.7850073016388123,0
MICAL2,24.712364,1.2674631,5.1184095191076105e-129,3.253226389263312e-128,0.7822711096732449,0.584779299847793,1
TMTC1,25.141926,1.2288632,1.3911554087395558e-133,9.072752665692756e-133,0.81300549983824,0.6112633181126332,1
THSD4,28.10725,1.2280709,9.41205006983511e-166,4.65175456499264e-165,0.9044540229885057,0.6553729824051185,2
KLHL4,17.763279,1.2239269,1.7804862939507553e-68,6.225476552275369e-68,0.5050287356321839,0.2820997527991857,2
UACA,33.957504,1.2233319,1.2906006964830012e-236,1.2736191083713828e-235,0.9248141795311606,0.8370923251663152,0
TGFBR1,20.406477,1.2208474,2.0894220680938502e-89,1.1173380043282622e-88,0.6133937237140085,0.4267884322678843,1
SPAG16,20.01676,1.2121849,5.8165663355114275e-86,2.1866790735005366e-85,0.6232040229885057,0.3795259560855024,2
CADPS2,11.0482,1.2028571,3.080785976945717e-24,1.4883024043216026e-23,0.8645833333333334,0.6492051637682705,3
SEMA5A,33.70991,1.1954237,5.62726895780468e-235,3.290800560119696e-234,0.9579741379310345,0.7443652755562018,2
NIBAN1,19.15422,1.1790568,2.30118717431725e-79,1.1740750889373724e-78,0.5988353283726949,0.40578386605783867,1
VCAN,39.63053,1.1738442,0.0,0.0,0.9691252144082333,0.8658121044945644,0
KAZN,21.4242,1.1723133,3.7759143642336574e-98,1.471135466584542e-97,0.7435344827586207,0.497309873491348,2
SAMD4A,34.380722,1.1641238,4.059688389474945e-244,2.426108599287816e-243,0.9647988505747126,0.7557074305656536,2
SMAD3,25.598797,1.1593544,3.228308751734488e-138,2.186213601626064e-137,0.8443869297961825,0.6770167427701674,1
SH3KBP1,20.610111,1.1533593,1.3513501492240935e-91,7.175310526853593e-91,0.6529445397369925,0.5140353723835794,0
NHSL1,9.400695,1.1385076,1.1882612013566847e-18,4.951088338986186e-18,0.8229166666666666,0.6233863224154487,3
ADGRL2,14.695925,1.1376128,4.22607907539881e-38,2.7864257639992155e-37,0.9479166666666666,0.7861943881361357,3
SMAD6,18.087381,1.1358916,5.0769096078207805e-71,1.8003225559648158e-70,0.5757902298850575,0.3305220299549222,2
SPATS2L,24.4184,1.1331174,7.100265865327846e-127,4.5224623346037235e-126,0.8124642652944539,0.6774298231380821,0
SLC20A1,19.617146,1.1228796,2.3141958876432064e-83,1.1437541454579273e-82,0.6315037164093767,0.49943209475904593,0
DOK6,18.3758,1.1193291,1.4410701503785435e-73,6.620536678615054e-73,0.5628930817610063,0.42933636216128507,0
ENSG00000237356,6.0528274,1.1148607,4.2031877781213035e-09,1.219493552646413e-08,0.5138888888888888,0.3286034353995519,3
ZFPM2-AS1,26.312244,1.1003907,3.506119344867024e-146,2.412467439128686e-145,0.8716409376786736,0.7837092325166315,0
TPST1,21.310335,1.096495,1.2460229435763871e-97,7.013262346583793e-97,0.7706243934001941,0.5689497716894977,1
STARD13,28.284534,1.0893354,4.798381837462271e-168,3.748735810517399e-167,0.9187965059851181,0.7677321156773211,1
TNIK,35.677258,1.0875697,5.703742006819077e-262,3.579754397585195e-261,0.9813218390804598,0.7887160098880326,2
WWOX,30.03779,1.0838265,8.645665979431942e-189,7.224790512060119e-188,0.9265294453973699,0.8255719617069609,0
CDH11,22.004114,1.0813429,5.5310660505236166e-104,3.172695631275497e-103,0.7830188679245284,0.6646113905565472,0
FAM110B,22.875082,1.0803705,4.804151619984514e-112,2.865299176929134e-111,0.8121783876500858,0.6944669803667045,0
ZNF75D,6.5131617,1.0553607,3.03820514494359e-10,9.291147232243393e-10,0.6111111111111112,0.4284647391443508,3
EFNA5,16.01115,1.0247654,2.3290448916260455e-56,7.678169972393556e-56,0.5833333333333334,0.3837429111531191,2
ARHGAP24,37.280384,1.023737,4.805798664014802e-284,5.609881708966695e-283,0.9694110920526015,0.8929092974200876,0
XRCC4,15.58292,1.0067903,1.6704284390155547e-53,5.405917278367491e-53,0.5520833333333334,0.3661480296640977,2
